{
  "results": {
    "CreditCard": {
      "GCN": {
        "f1_mean": 0.1473758553066881,
        "auc_mean": 0.497478480677617,
        "prec_mean": 0.08183169747780025,
        "rec_mean": 0.7867243867243867,
        "f1_std": 0.005268202037927912,
        "auc_std": 0.027892053254492784,
        "prec_std": 0.0026717015049141832,
        "rec_std": 0.18657089976629374
      },
      "GraphSAGE": {
        "f1_mean": 0.8944126718554126,
        "auc_mean": 0.962164167951527,
        "prec_mean": 0.9304347761432403,
        "rec_mean": 0.8625438054009483,
        "f1_std": 0.026338182389525483,
        "auc_std": 0.01978268646615447,
        "prec_std": 0.033570529675877946,
        "rec_std": 0.04087150018265354
      },
      "XGB": {
        "f1_mean": 0.9054620851486618,
        "auc_mean": 0.9791944850648231,
        "prec_mean": 0.9416546790612553,
        "rec_mean": 0.874025974025974,
        "f1_std": 0.025149522668786548,
        "auc_std": 0.008297742249705661,
        "prec_std": 0.03877046182206017,
        "rec_std": 0.041015618304223546
      },
      "LGB": {
        "f1_mean": 0.9161076256017586,
        "auc_mean": 0.9799746780670209,
        "prec_mean": 0.9730176113039563,
        "rec_mean": 0.8666048237476809,
        "f1_std": 0.02324623492846626,
        "auc_std": 0.007442673071325758,
        "prec_std": 0.017729347767773785,
        "rec_std": 0.0412507190098412
      },
      "RF": {
        "f1_mean": 0.9131812467304378,
        "auc_mean": 0.9796459591332415,
        "prec_mean": 0.9711150329093053,
        "rec_mean": 0.8625300625300625,
        "f1_std": 0.02153562688583828,
        "auc_std": 0.00838304445159023,
        "prec_std": 0.012603629801359074,
        "rec_std": 0.036684941893515635
      },
      "LR": {
        "f1_mean": 0.8385181240262639,
        "auc_mean": 0.9755607294909898,
        "prec_mean": 0.7831758005036206,
        "rec_mean": 0.9038754895897754,
        "f1_std": 0.028143582060142558,
        "auc_std": 0.013663147212544972,
        "prec_std": 0.0346831844335315,
        "rec_std": 0.040098363824012745
      },
      "MLP": {
        "f1_mean": 0.9001673654653735,
        "auc_mean": 0.9660634296218255,
        "prec_mean": 0.938057241998565,
        "rec_mean": 0.8665773380059094,
        "f1_std": 0.025949475567209043,
        "auc_std": 0.019762312338856974,
        "prec_std": 0.03185346036401185,
        "rec_std": 0.03984667503108666
      }
    },
    "Adult": {
      "GCN": {
        "f1_mean": 0.6574567228974504,
        "auc_mean": 0.5000287037037036,
        "prec_mean": 0.49957331431552515,
        "rec_mean": 0.9657777777777777,
        "f1_std": 0.021615711866566946,
        "auc_std": 0.016088050255558525,
        "prec_std": 0.0015136776520810222,
        "rec_std": 0.07832474342185082
      },
      "GraphSAGE": {
        "f1_mean": 0.8108980929846028,
        "auc_mean": 0.8872398148148147,
        "prec_mean": 0.7765677115537433,
        "rec_mean": 0.849111111111111,
        "f1_std": 0.008685527013302193,
        "auc_std": 0.006864381187035908,
        "prec_std": 0.016341662086171847,
        "rec_std": 0.020519788702495507
      },
      "XGB": {
        "f1_mean": 0.8373352895943372,
        "auc_mean": 0.9195454629629629,
        "prec_mean": 0.8188140382148248,
        "rec_mean": 0.8571111111111112,
        "f1_std": 0.010050772702348552,
        "auc_std": 0.006603210585595689,
        "prec_std": 0.01734963969956722,
        "rec_std": 0.014471769026813283
      },
      "LGB": {
        "f1_mean": 0.8344162541148551,
        "auc_mean": 0.9180657407407408,
        "prec_mean": 0.8126318471831703,
        "rec_mean": 0.8577777777777776,
        "f1_std": 0.011976314738911843,
        "auc_std": 0.006066268570463938,
        "prec_std": 0.018345844433594525,
        "rec_std": 0.015343796751959156
      },
      "RF": {
        "f1_mean": 0.8283658098836258,
        "auc_mean": 0.9100082407407407,
        "prec_mean": 0.7872651406413316,
        "rec_mean": 0.8742222222222221,
        "f1_std": 0.008123712767871437,
        "auc_std": 0.006235419999373495,
        "prec_std": 0.012698480197461254,
        "rec_std": 0.011528815214362387
      },
      "LR": {
        "f1_mean": 0.7675765271260108,
        "auc_mean": 0.8537544444444444,
        "prec_mean": 0.7689765353312893,
        "rec_mean": 0.7664444444444445,
        "f1_std": 0.011874161663512219,
        "auc_std": 0.01002962811491319,
        "prec_std": 0.014552355466324132,
        "rec_std": 0.016328419517841194
      },
      "MLP": {
        "f1_mean": 0.7672476023217338,
        "auc_mean": 0.8505156481481481,
        "prec_mean": 0.7560864084041088,
        "rec_mean": 0.7796666666666667,
        "f1_std": 0.011946412951612004,
        "auc_std": 0.00975567768192492,
        "prec_std": 0.016274927957778067,
        "rec_std": 0.026930637928932515
      }
    },
    "Covtype": {
      "GCN": {
        "f1_mean": 0.662492125620265,
        "auc_mean": 0.4991855555555555,
        "prec_mean": 0.4993894447907164,
        "rec_mean": 0.9853333333333333,
        "f1_std": 0.01351147467719326,
        "auc_std": 0.018754360849532713,
        "prec_std": 0.0016710267937239305,
        "rec_std": 0.04802468501063146
      },
      "GraphSAGE": {
        "f1_mean": 0.8873530836857988,
        "auc_mean": 0.9476554629629629,
        "prec_mean": 0.8731190405546383,
        "rec_mean": 0.9022222222222224,
        "f1_std": 0.010158422534073746,
        "auc_std": 0.008933007518166343,
        "prec_std": 0.014022312071698375,
        "rec_std": 0.012166539826837566
      },
      "XGB": {
        "f1_mean": 0.9293375431184866,
        "auc_mean": 0.9797686111111112,
        "prec_mean": 0.9344910950439367,
        "rec_mean": 0.9243333333333333,
        "f1_std": 0.008646437616056556,
        "auc_std": 0.0031159141908685462,
        "prec_std": 0.01061098617022018,
        "rec_std": 0.011118886168570562
      },
      "LGB": {
        "f1_mean": 0.9333348378517473,
        "auc_mean": 0.9815175000000002,
        "prec_mean": 0.938009132819336,
        "rec_mean": 0.9287777777777777,
        "f1_std": 0.007345224346187526,
        "auc_std": 0.0037263761992301745,
        "prec_std": 0.00882381655456529,
        "rec_std": 0.009859506911768444
      },
      "RF": {
        "f1_mean": 0.9209819029410657,
        "auc_mean": 0.9747237037037039,
        "prec_mean": 0.9060870067201011,
        "rec_mean": 0.9364444444444443,
        "f1_std": 0.011150807523783314,
        "auc_std": 0.004817408190461494,
        "prec_std": 0.014771810279461457,
        "rec_std": 0.009266959760885799
      },
      "LR": {
        "f1_mean": 0.8779964953402649,
        "auc_mean": 0.9405407407407408,
        "prec_mean": 0.8703567880640631,
        "rec_mean": 0.885888888888889,
        "f1_std": 0.012348960637345271,
        "auc_std": 0.009022219694550497,
        "prec_std": 0.017084578523511137,
        "rec_std": 0.010307614349608113
      },
      "MLP": {
        "f1_mean": 0.9209283339078813,
        "auc_mean": 0.9678283333333333,
        "prec_mean": 0.9266579692074319,
        "rec_mean": 0.9155555555555555,
        "f1_std": 0.007232052751632944,
        "auc_std": 0.005825263350870586,
        "prec_std": 0.013713438360399531,
        "rec_std": 0.013521815934734489
      }
    }
  },
  "sparsity": {
    "CreditCard": {
      "n": 6000,
      "d": 29,
      "pca95": 22,
      "pca50": 5,
      "effective_rank": 0.1724137931034483,
      "category": "sparse"
    },
    "Adult": {
      "n": 6000,
      "d": 14,
      "pca95": 13,
      "pca50": 6,
      "effective_rank": 0.42857142857142855,
      "category": "medium"
    },
    "Covtype": {
      "n": 6000,
      "d": 54,
      "pca95": 42,
      "pca50": 18,
      "effective_rank": 0.3333333333333333,
      "category": "medium"
    }
  },
  "perm_tests": {
    "CreditCard": {
      "xgb_real": [],