{
  "results": {
    "Enterprise": {
      "GCN": {
        "f1_mean": 0.4706235539209862,
        "auc_mean": 0.7576280734619064,
        "prec_mean": 0.42208398647413015,
        "rec_mean": 0.53207811043199,
        "f1_std": 0.018906482558771653,
        "auc_std": 0.020264738601488894,
        "prec_std": 0.016964210452211165,
        "rec_std": 0.024787352479439577
      },
      "GraphSAGE": {
        "f1_mean": 0.7585579056634362,
        "auc_mean": 0.9781738279563553,
        "prec_mean": 0.6770111720957006,
        "rec_mean": 0.8634258779653994,
        "f1_std": 0.009216278440453477,
        "auc_std": 0.00501013393418213,
        "prec_std": 0.013463600974469286,
        "rec_std": 0.02655983304731476
      },
      "XGB": {
        "f1_mean": 0.8131607147841766,
        "auc_mean": 0.9926572478088629,
        "prec_mean": 0.7300379612595322,
        "rec_mean": 0.9215580648503057,
        "f1_std": 0.007741803953793545,
        "auc_std": 0.0006629928421092192,
        "prec_std": 0.03335163588684157,
        "rec_std": 0.03996408316842673
      },
      "LGB": {
        "f1_mean": 0.8177816906747163,
        "auc_mean": 0.9927226728873967,
        "prec_mean": 0.7349720768460608,
        "rec_mean": 0.924598570392624,
        "f1_std": 0.014647752522120557,
        "auc_std": 0.0007716872686344753,
        "prec_std": 0.03383614388179209,
        "rec_std": 0.03395731199951465
      },
      "RF": {
        "f1_mean": 0.7872283670739877,
        "auc_mean": 0.9912267362302736,
        "prec_mean": 0.6581830981485635,
        "rec_mean": 0.9796125556821714,
        "f1_std": 0.012709421990574786,
        "auc_std": 0.0013376256399038652,
        "prec_std": 0.01752704625952608,
        "rec_std": 0.0032270799952469533
      },
      "LR": {
        "f1_mean": 0.7297883394887695,
        "auc_mean": 0.9848203810237639,
        "prec_mean": 0.5833578176527553,
        "rec_mean": 0.9745105148658448,
        "f1_std": 0.009279610545868722,
        "auc_std": 0.0034282449608150937,
        "prec_std": 0.009064130601888062,
        "rec_std": 0.012915509516697274
      },
      "MLP": {
        "f1_mean": 0.7550693164311767,
        "auc_mean": 0.9788021281817137,
        "prec_mean": 0.7449859259678163,
        "rec_mean": 0.7655702890293172,
        "f1_std": 0.022516929787153542,
        "auc_std": 0.006901519003424589,
        "prec_std": 0.019919975904776493,
        "rec_std": 0.027138328602381672
      }
    },
    "CreditCard": {
      "GCN": {
        "f1_mean": 0.849054912957411,
        "auc_mean": 0.9332101319893784,
        "prec_mean": 0.8689337630096331,
        "rec_mean": 0.8353329210472067,
        "f1_std": 0.014741062504871803,
        "auc_std": 0.023923136094685528,
        "prec_std": 0.04945740311664068,
        "rec_std": 0.051833631060008475
      },
      "GraphSAGE": {
        "f1_mean": 0.8942996093155189,
        "auc_mean": 0.970565913011758,
        "prec_mean": 0.9062405439753775,
        "rec_mean": 0.8842094413522986,
        "f1_std": 0.01811777833667461,
        "auc_std": 0.005905482085659143,
        "prec_std": 0.03700812441908111,
        "rec_std": 0.026741737561812088
      },
      "XGB": {
        "f1_mean": 0.9076805577563473,
        "auc_mean": 0.9808753330154314,
        "prec_mean": 0.9494445364826166,
        "rec_mean": 0.8699443413729128,
        "f1_std": 0.007854971491920975,
        "auc_std": 0.00584785432588564,
        "prec_std": 0.016386637767263814,
        "rec_std": 0.01845221092890979
      },
      "LGB": {
        "f1_mean": 0.9177713542419426,
        "auc_mean": 0.9809882549343127,
        "prec_mean": 0.9795692296854636,
        "rec_mean": 0.8639043496186354,
        "f1_std": 0.01213542864812921,
        "auc_std": 0.005056297575016761,
        "prec_std": 0.011211433250765289,
        "rec_std": 0.025678227868515747
      },
      "RF": {
        "f1_mean": 0.9114963272634563,
        "auc_mean": 0.980703723471182,
        "prec_mean": 0.9704118790650765,
        "rec_mean": 0.8598227169655741,
        "f1_std": 0.013088401947914939,
        "auc_std": 0.00585914110759709,
        "prec_std": 0.01139458023799774,
        "rec_std": 0.02479130679745085
      },
      "LR": {
        "f1_mean": 0.8410454018077264,
        "auc_mean": 0.9766109008344894,
        "prec_mean": 0.7882088600419478,
        "rec_mean": 0.9025149453720882,
        "f1_std": 0.016533032309887275,
        "auc_std": 0.010459561187059508,
        "prec_std": 0.02678453596039129,
        "rec_std": 0.02337733232349826
      },
      "MLP": {
        "f1_mean": 0.9070805159655505,
        "auc_mean": 0.9698936534546301,
        "prec_mean": 0.9432121024822753,
        "rec_mean": 0.8740465883323025,
        "f1_std": 0.024840196551865146,
        "auc_std": 0.00882638197927965,
        "prec_std": 0.026668592922096272,
        "rec_std": 0.03036592980928701
      }
    },
    "Adult": {
      "GCN": {
        "f1_mean": 0.7977177224402606,
        "auc_mean": 0.8671149999999999,
        "prec_mean": 0.7563153629561283,
        "rec_mean": 0.8440000000000001,
        "f1_std": 0.013925710766757781,
        "auc_std": 0.011489052572442357,
        "prec_std": 0.013421238989779526,
        "rec_std": 0.016719914938645948
      },
      "GraphSAGE": {
        "f1_mean": 0.8142387781955861,
        "auc_mean": 0.8890694444444444,
        "prec_mean": 0.7757590529514795,
        "rec_mean": 0.857,
        "f1_std": 0.012117346563768656,
        "auc_std": 0.009811356169079919,
        "prec_std": 0.014011866393145956,
        "rec_std": 0.01742922194986848
      },
      "XGB": {
        "f1_mean": 0.8386603969613555,
        "auc_mean": 0.9204819444444444,
        "prec_mean": 0.8199790796575008,
        "rec_mean": 0.8586666666666666,
        "f1_std": 0.011648147320475814,
        "auc_std": 0.010693291171582566,
        "prec_std": 0.021578229500265517,
        "rec_std": 0.011661903789690611
      },
      "LGB": {
        "f1_mean": 0.834093427243339,
        "auc_mean": 0.9191791666666667,
        "prec_mean": 0.8109673541674404,
        "rec_mean": 0.859,
        "f1_std": 0.01484894173011821,
        "auc_std": 0.009424038084980303,
        "prec_std": 0.022618465255851036,
        "rec_std": 0.014892205269125797
      },
      "RF": {
        "f1_mean": 0.8298131884192566,
        "auc_mean": 0.9107641666666666,
        "prec_mean": 0.7883396701497457,
        "rec_mean": 0.8763333333333334,
        "f1_std": 0.011773506214177599,
        "auc_std": 0.009521395675912444,
        "prec_std": 0.01911551901556314,
        "rec_std": 0.014275075403575881
      },
      "LR": {
        "f1_mean": 0.7643712762844144,
        "auc_mean": 0.8545222222222224,
        "prec_mean": 0.770083016389445,
        "rec_mean": 0.759,
        "f1_std": 0.014513339424973156,
        "auc_std": 0.011470086026564486,
        "prec_std": 0.018668481061443237,
        "rec_std": 0.016485684025170953
      },
      "MLP": {
        "f1_mean": 0.7812707033146757,
        "auc_mean": 0.8558341666666667,
        "prec_mean": 0.7598577316350174,
        "rec_mean": 0.8039999999999999,
        "f1_std": 0.014163851908060082,
        "auc_std": 0.009176061582881794,
        "prec_std": 0.010807946022971903,
        "rec_std": 0.018991226044325484
      }
    },
    "Covtype": {
      "GCN": {
        "f1_mean": 0.8925372550580694,
        "auc_mean": 0.9556100000000001,
        "prec_mean": 0.8912707113853834,
        "rec_mean": 0.8940000000000001,
        "f1_std": 0.011419361733031017,
        "auc_std": 0.007296526814134423,
        "prec_std": 0.0161791995152999,
        "rec_std": 0.013148721948877349
      },
      "GraphSAGE": {
        "f1_mean": 0.9125542029905827,
        "auc_mean": 0.9658627777777777,
        "prec_mean": 0.9256467956761499,
        "rec_mean": 0.9006666666666666,
        "f1_std": 0.007707290018748046,
        "auc_std": 0.0043281940143582425,
        "prec_std": 0.014911793892410319,