{
  "results": {
    "Enterprise": {
      "GCN": {
        "f1_mean": 0.2884977077081998,
        "auc_mean": 0.7102497395686265,
        "prec_mean": 0.1901041342094693,
        "rec_mean": 0.598337304464933,
        "f1_std": 0.015842122776351292,
        "auc_std": 0.018197171087125305,
        "prec_std": 0.010472602513921722,
        "rec_std": 0.03498680098726916
      },
      "GraphSAGE": {
        "f1_mean": 0.7576948502810215,
        "auc_mean": 0.9803024622726696,
        "prec_mean": 0.6610082875398308,
        "rec_mean": 0.8895697365240512,
        "f1_std": 0.01656779710959578,
        "auc_std": 0.00481473152672265,
        "prec_std": 0.02199026818091139,
        "rec_std": 0.03825101005615565
      },
      "XGB": {
        "f1_mean": 0.8220298070608922,
        "auc_mean": 0.9927070268490616,
        "prec_mean": 0.742378667452298,
        "rec_mean": 0.92288580406782,
        "f1_std": 0.0110523654853039,
        "auc_std": 0.0011269602606446153,
        "prec_std": 0.023328559731397833,
        "rec_std": 0.034578896670529706
      },
      "LGB": {
        "f1_mean": 0.8207814560808555,
        "auc_mean": 0.9921699596762328,
        "prec_mean": 0.7372264187073859,
        "rec_mean": 0.9279757588314513,
        "f1_std": 0.01474455049727408,
        "auc_std": 0.0016570755752514925,
        "prec_std": 0.031204105723636598,
        "rec_std": 0.028687918602797832
      },
      "RF": {
        "f1_mean": 0.7977890717925107,
        "auc_mean": 0.9921820069040646,
        "prec_mean": 0.6788656759868149,
        "rec_mean": 0.9677164266721916,
        "f1_std": 0.015051371884027867,
        "auc_std": 0.0014658899763499394,
        "prec_std": 0.018959593947912162,
        "rec_std": 0.015553729725708872
      },
      "LR": {
        "f1_mean": 0.7341194000818407,
        "auc_mean": 0.9851643772713911,
        "prec_mean": 0.5889157588718137,
        "rec_mean": 0.9745105148658447,
        "f1_std": 0.012913253975946365,
        "auc_std": 0.0024541194521528554,
        "prec_std": 0.012479003688768447,
        "rec_std": 0.015025925339788238
      },
      "MLP": {
        "f1_mean": 0.7433815618167102,
        "auc_mean": 0.9812672482318336,
        "prec_mean": 0.7435886378963702,
        "rec_mean": 0.7448150833937637,
        "f1_std": 0.021304804410501626,
        "auc_std": 0.00496202407905281,
        "prec_std": 0.020748092466509768,
        "rec_std": 0.04144797069222174
      }
    },
    "CreditCard": {
      "GCN": {
        "f1_mean": 0.1445079797693562,
        "auc_mean": 0.48529366009541713,
        "prec_mean": 0.08045599360940994,
        "rec_mean": 0.8108637394351681,
        "f1_std": 0.01664747975873759,
        "auc_std": 0.02153664594893374,
        "prec_std": 0.00579469484502259,
        "rec_std": 0.2534924521805751
      },
      "GraphSAGE": {
        "f1_mean": 0.8907256411264544,
        "auc_mean": 0.9648316630902758,
        "prec_mean": 0.9215596760511047,
        "rec_mean": 0.864529650243936,
        "f1_std": 0.021010717742886428,
        "auc_std": 0.019469142796111203,
        "prec_std": 0.03367932078187744,
        "rec_std": 0.04721785750663886
      },
      "XGB": {
        "f1_mean": 0.9054620851486618,
        "auc_mean": 0.9791944850648231,
        "prec_mean": 0.9416546790612553,
        "rec_mean": 0.874025974025974,
        "f1_std": 0.025149522668786548,
        "auc_std": 0.008297742249705661,
        "prec_std": 0.03877046182206017,
        "rec_std": 0.041015618304223546
      },
      "LGB": {
        "f1_mean": 0.9161076256017586,
        "auc_mean": 0.9799746780670209,
        "prec_mean": 0.9730176113039563,
        "rec_mean": 0.8666048237476809,
        "f1_std": 0.02324623492846626,
        "auc_std": 0.007442673071325758,
        "prec_std": 0.017729347767773785,
        "rec_std": 0.0412507190098412
      },
      "RF": {
        "f1_mean": 0.9131812467304378,
        "auc_mean": 0.9796459591332415,
        "prec_mean": 0.9711150329093053,
        "rec_mean": 0.8625300625300625,
        "f1_std": 0.02153562688583828,
        "auc_std": 0.00838304445159023,
        "prec_std": 0.012603629801359074,
        "rec_std": 0.036684941893515635
      },
      "LR": {
        "f1_mean": 0.8385181240262639,
        "auc_mean": 0.9755607294909898,
        "prec_mean": 0.7831758005036206,
        "rec_mean": 0.9038754895897754,
        "f1_std": 0.028143582060142558,
        "auc_std": 0.013663147212544972,
        "prec_std": 0.0346831844335315,
        "rec_std": 0.040098363824012745
      },
      "MLP": {
        "f1_mean": 0.9040011980781124,
        "auc_mean": 0.9659399510026265,
        "prec_mean": 0.938297228310448,
        "rec_mean": 0.8746993746993748,
        "f1_std": 0.02143543469630764,
        "auc_std": 0.019466386021000318,
        "prec_std": 0.03260187510729183,
        "rec_std": 0.047543069046412166
      }
    },
    "Adult": {
      "GCN": {
        "f1_mean": 0.6463731398222787,
        "auc_mean": 0.4941230555555556,
        "prec_mean": 0.49847018222456135,
        "rec_mean": 0.9306666666666668,
        "f1_std": 0.038104406638240676,
        "auc_std": 0.018134239696847403,
        "prec_std": 0.006245272499884083,
        "rec_std": 0.1246948868832031
      },
      "GraphSAGE": {
        "f1_mean": 0.8109676567814949,
        "auc_mean": 0.8872048148148148,
        "prec_mean": 0.774155974603382,
        "rec_mean": 0.8518888888888888,
        "f1_std": 0.010318651794981568,
        "auc_std": 0.007935360350718,
        "prec_std": 0.012374072454580016,
        "rec_std": 0.02026552141013628
      },
      "XGB": {
        "f1_mean": 0.8373352895943372,
        "auc_mean": 0.9195454629629629,
        "prec_mean": 0.8188140382148248,
        "rec_mean": 0.8571111111111112,
        "f1_std": 0.010050772702348552,
        "auc_std": 0.006603210585595689,
        "prec_std": 0.01734963969956722,
        "rec_std": 0.014471769026813283
      },
      "LGB": {
        "f1_mean": 0.8344162541148551,
        "auc_mean": 0.9180657407407408,
        "prec_mean": 0.8126318471831703,
        "rec_mean": 0.8577777777777776,
        "f1_std": 0.011976314738911843,
        "auc_std": 0.006066268570463938,
        "prec_std": 0.018345844433594525,
        "rec_std": 0.015343796751959156
      },
      "RF": {
        "f1_mean": 0.8283658098836258,
        "auc_mean": 0.9100082407407407,
        "prec_mean": 0.7872651406413316,
        "rec_mean": 0.8742222222222221,
        "f1_std": 0.008123712767871437,
        "auc_std": 0.006235419999373495,
        "prec_std": 0.012698480197461254,
        "rec_std": 0.011528815214362387
      },
      "LR": {
        "f1_mean": 0.7675765271260108,
        "auc_mean": 0.8537544444444444,
        "prec_mean": 0.7689765353312893,
        "rec_mean": 0.7664444444444445,
        "f1_std": 0.011874161663512219,
        "auc_std": 0.01002962811491319,
        "prec_std": 0.014552355466324132,
        "rec_std": 0.016328419517841194
      },
      "MLP": {
        "f1_mean": 0.7701577341909761,
        "auc_mean": 0.8515380555555556,
        "prec_mean": 0.7611086628857688,
        "rec_mean": 0.780666666666667,
        "f1_std": 0.013331480346490995,
        "auc_std": 0.009127757219155886,
        "prec_std": 0.020118297753410147,
        "rec_std": 0.030238557676753867
      }
    },
    "Covtype": {
      "GCN": {
        "f1_mean": 0.6576503461675625,
        "auc_mean": 0.4953649074074074,
        "prec_mean": 0.499808404781854,
        "rec_mean": 0.9671111111111111,
        "f1_std": 0.02487673123026727,
        "auc_std": 0.021857984684357137,
        "prec_std": 0.0011090930397624531,
        "rec_std": 0.08660567654534282
      },